{"cameraMode":{"drawMode":0,"name":"Shaded","section":"Shading Mode"},"sceneLighting":false,"audioPlay":false,"sceneViewState":{"showFog":true,"showMaterialUpdate":false,"showSkybox":false,"showFlares":true,"showImageEffects":true,"showParticleSystems":true},"in2DMode":false,"pivot":{"x":2.688514232635498,"y":-3.85921573638916,"z":-2.065493583679199},"rotation":{"x":0.3420592248439789,"y":0.4802180826663971,"z":-0.21066083014011384,"w":0.7797510027885437},"size":5.733587741851807,"orthographic":false}