{"cameraMode":{"drawMode":0,"name":"Shaded","section":"Shading Mode"},"sceneLighting":false,"audioPlay":false,"sceneViewState":{"showFog":true,"showMaterialUpdate":false,"showSkybox":false,"showFlares":true,"showImageEffects":true,"showParticleSystems":true},"in2DMode":false,"pivot":{"x":-0.3052632808685303,"y":1.4696059226989747,"z":0.4051177501678467},"rotation":{"x":-0.09356069564819336,"y":0.8363965153694153,"z":-0.15090292692184449,"w":-0.5185708403587341},"size":2.4726340770721437,"orthographic":false}