{"cameraMode":{"drawMode":0,"name":"Shaded","section":"Shading Mode"},"sceneLighting":true,"audioPlay":false,"sceneViewState":{"showFog":true,"showMaterialUpdate":false,"showSkybox":true,"showFlares":true,"showImageEffects":true,"showParticleSystems":true},"in2DMode":false,"pivot":{"x":27.367660522460939,"y":-13.130692481994629,"z":129.49220275878907},"rotation":{"x":0.10398358851671219,"y":0.8550029397010803,"z":-0.18841271102428437,"w":0.4718708097934723},"size":71.83415222167969,"orthographic":false}